[
    {
      "precio": 300,
      "id": 1,
      "title": "Cheeseburger"
    },
    {
      "precio": 500,
      "id": 2,
      "title": "Hamburguesa Americana"
    },
    {
      "precio": 350,
      "id": 3,
      "title": "Hamburguesa Vegetariana"
    },
    {
      "precio": 250,
      "id": 4,
      "title": "Hamburguesa Mac&Cheese"
    },
    {
      "precio": 150,
      "id": 5,
      "title": "Hamburguesa con BBQ"
    },
    {
      "precio": 250,
      "id": 6,
      "title": "Hamburguesa Tex-Mex"
    },
    {
      "precio": 350,
      "id": 4,
      "title": "Hamburguesa con doble carne"
    },
    {
      "precio": 150,
      "id": 5,
      "title": "Hamburguesa con triple queso"
    },
    {
      "precio": 250,
      "id": 6,
      "title": "Hamburguesa con salsa de ajo"
    }
  ]